dietary_habits,dietary_habits_code
Healthy,0.06754772393538913
Moderate,0.0893939393939394
Unhealthy,0.13744740532959326
