sleep_duration,sleep_duration_code
More than 8 hours,0.06882591093117409
7-8 hours,0.08867924528301886
5-6 hours,0.0891089108910891
Less than 5 hours,0.14666666666666667
